{
	"Actuary reports": "True",
	"Agreements": "True",
	"Asset Management": "True",
	"Bank statement": "True",
	"Budget": "True",
	"Business plan": "True",
	"Completion Certificates": "True",
	"Construction specifications": "True",
	"Control System and SCADA files": "True",
	"Corporate Sabotage": "True",
	"Credit Report": "True",
	"Customer Complaints": "True",
	"Customer Files": "True",
	"Discrimination": "True",
	"Employee Insurance files": "True",
	"Employee Pension Records": "True",
	"Employee Stocks and Financial Bond Records": "True",
	"Employee disciplinary action files": "True",
	"Employment Agreement": "True",
	"Enterprise Risk Management": "True",
	"Environmental permits and clearances": "True",
	"Facility Permits": "True",
	"Finance": "True",
	"Finance policies and procedures": "True",
	"Financial Audit Reports": "True",
	"Financial statement": "True",
	"Freight Documents": "True",
	"Garnishment": "True",
	"Gifts & entertainment": "True",
	"HR": "True",
	"Health/Medical forms": "True",
	"Healthcare": "True",
	"IP": "True",
	"IT": "True",
	"IT Infra and Network Security Documents": "True",
	"Invoice": "True",
	"Lease Deeds": "True",
	"Legal Affairs": "True",
	"Legal Agreements": "True",
	"Letter of Credits": "True",
	"License agreement": "True",
	"Loan agreements and offer letters": "True",
	"M&A Files": "True",
	"Manufacturing batch records": "True",
	"Marketing Collaterals": "True",
	"Meeting notes": "True",
	"MoU Files (Memorandum of understanding)": "True",
	"Money laundering": "True",
	"Network Design files": "True",
	"Non disclosure agreement": "True",
	"OSHA records": "True",
	"Offensive language": "True",
	"Paystub": "True",
	"Personal Financial Information": "True",
	"Procurement": "True",
	"Profanity": "True",
	"Project documents": "True",
	"Quality assurance files": "True",
	"Quotation": "True",
	"Regulatory Collusion": "True",
	"Resume": "True",
	"Safety Records": "True",
	"Sales and revenue": "True",
	"Software Product Development Files": "True",
	"Source code": "True",
	"Standard Operating Procedures and Manuals": "True",
	"Statement of Accounts": "True",
	"Statement of Work": "True",
	"Stock manipulation": "True",
	"Strategic planning documents": "True",
	"Targeted Harassment": "True",
	"Tax": "True",
	"Threat": "True",
	"Unauthorized disclosure": "True",
	"Wire transfer": "True",
	"Work Schedules": "True",
	"factory Incident Investigation reports": "True"
}